company,sentiment,ano,dia_da_semana,mes,categoria,media_sentimento,satisfacao_do_cliente
1,1.0,1.0,2,1,1,0.7,2
1,1.0,1.0,0,8,1,0.7,2
1,1.0,0.125,2,9,5,1.0,2
1,0.0,0.875,5,7,1,0.4230769230769231,0
1,0.0,1.0,0,5,1,0.7,2
1,1.0,1.0,5,5,1,0.7,2
1,0.0,0.75,2,9,1,0.5921052631578947,1
1,1.0,0.375,4,10,1,0.3,0
1,0.5,1.0,5,11,1,0.7,2
1,0.75,1.0,4,1,1,0.7,2
1,1.0,0.875,1,0,1,0.4230769230769231,0
1,0.0,0.375,6,9,1,0.3,0
1,1.0,0.875,0,8,1,0.4230769230769231,0
1,0.0,0.625,3,4,0,0.5909090909090909,1
1,0.0,0.875,5,7,1,0.4230769230769231,0
1,0.5,0.75,3,1,1,0.5921052631578947,1
1,1.0,0.5,1,7,1,0.6785714285714286,2
1,1.0,1.0,1,4,1,0.7,2
1,1.0,0.875,0,10,1,0.4230769230769231,0
1,1.0,1.0,5,7,1,0.7,2
1,0.75,0.5,1,5,1,0.6785714285714286,2
1,0.75,1.0,2,3,1,0.7,2
1,0.0,0.875,4,5,1,0.4230769230769231,0
1,0.5,0.75,2,2,1,0.5921052631578947,1
1,1.0,0.75,5,1,1,0.5921052631578947,1
1,0.75,0.625,6,11,0,0.5909090909090909,1
1,0.5,1.0,3,8,1,0.7,2
1,1.0,0.625,5,6,0,0.5909090909090909,1
1,1.0,1.0,4,1,1,0.7,2
1,1.0,0.625,1,2,0,0.5909090909090909,1
1,1.0,1.0,3,8,1,0.7,2
1,0.5,1.0,1,6,1,0.7,2
1,0.75,0.625,0,0,0,0.5909090909090909,1
1,1.0,0.75,5,6,1,0.5921052631578947,1
1,1.0,0.75,3,6,1,0.5921052631578947,1
1,0.0,0.75,2,8,1,0.5921052631578947,1
1,0.75,0.875,4,2,1,0.4230769230769231,0
1,1.0,0.875,1,4,1,0.4230769230769231,0
1,1.0,0.875,0,0,1,0.4230769230769231,0
1,0.75,1.0,1,8,1,0.7,2
1,1.0,1.0,6,6,1,0.7,2
1,0.75,0.75,5,6,1,0.5921052631578947,1
1,0.0,0.875,1,7,1,0.4230769230769231,0
1,0.0,0.875,2,7,1,0.4230769230769231,0
1,0.25,1.0,1,11,1,0.7,2
1,1.0,0.75,4,1,1,0.5921052631578947,1
1,0.5,0.75,1,0,1,0.5921052631578947,1
1,0.5,0.875,6,11,1,0.4230769230769231,0
1,0.5,0.0,4,0,4,0.75,2
1,1.0,0.625,1,1,0,0.5909090909090909,1
1,0.75,1.0,0,6,1,0.7,2
1,1.0,0.75,0,3,1,0.5921052631578947,1
1,1.0,0.5,6,9,1,0.6785714285714286,2
1,0.0,0.375,4,9,1,0.3,0
1,1.0,1.0,1,0,1,0.7,2
1,0.0,0.75,2,9,1,0.5921052631578947,1
1,0.0,0.875,2,10,1,0.4230769230769231,0
1,1.0,0.75,3,2,1,0.5921052631578947,1
1,0.0,0.75,6,3,1,0.5921052631578947,1
1,0.0,0.875,3,7,1,0.4230769230769231,0
1,0.0,1.0,1,0,1,0.7,2
1,1.0,0.0,3,2,4,0.75,2
1,1.0,0.875,5,6,1,0.4230769230769231,0
1,0.0,0.5,2,0,1,0.6785714285714286,2
1,0.0,0.875,6,3,1,0.4230769230769231,0
1,1.0,1.0,1,7,1,0.7,2
1,0.75,0.625,6,10,0,0.5909090909090909,1
1,0.0,1.0,6,7,1,0.7,2
1,1.0,0.75,5,7,1,0.5921052631578947,1
1,0.0,0.875,4,11,1,0.4230769230769231,0
1,1.0,0.5,4,0,1,0.6785714285714286,2
1,0.0,0.875,5,7,1,0.4230769230769231,0
1,0.0,0.75,2,3,1,0.5921052631578947,1
1,1.0,0.75,5,3,1,0.5921052631578947,1
1,0.0,0.625,3,4,0,0.5909090909090909,1
1,0.0,0.875,6,11,1,0.4230769230769231,0
1,1.0,0.75,4,5,1,0.5921052631578947,1
1,0.0,0.875,6,5,1,0.4230769230769231,0
1,0.5,0.375,5,1,1,0.3,0
1,0.0,0.875,2,7,1,0.4230769230769231,0
1,1.0,0.875,2,7,1,0.4230769230769231,0
1,0.5,0.875,0,7,1,0.4230769230769231,0
1,1.0,1.0,5,11,1,0.7,2
1,0.0,0.5,2,11,1,0.6785714285714286,2
1,1.0,1.0,1,4,1,0.7,2
1,0.0,0.75,5,7,1,0.5921052631578947,1
1,0.75,1.0,2,8,1,0.7,2
1,1.0,0.625,2,10,0,0.5909090909090909,1
1,0.0,0.375,6,10,1,0.3,0
1,0.0,0.625,5,2,0,0.5909090909090909,1
1,0.0,1.0,0,3,1,0.7,2
1,1.0,0.25,4,2,1,1.0,2
1,0.25,0.625,2,1,0,0.5909090909090909,1
1,1.0,0.5,4,5,1,0.6785714285714286,2
1,0.5,0.875,6,6,1,0.4230769230769231,0
1,0.75,0.875,6,2,1,0.4230769230769231,0
1,1.0,0.875,6,8,1,0.4230769230769231,0
6,0.0,0.375,6,9,1,0.5833333333333334,1
6,1.0,1.0,5,3,1,0.625,1
6,0.75,1.0,3,6,1,0.625,1
6,1.0,1.0,3,5,1,0.625,1
6,0.0,0.875,3,8,1,0.625,1
6,1.0,1.0,4,1,1,0.625,1
6,0.0,1.0,5,8,1,0.625,1
6,1.0,0.625,3,3,8,0.75,2
6,0.0,1.0,2,11,1,0.625,1
6,1.0,1.0,4,1,1,0.625,1
6,0.0,1.0,1,3,1,0.625,1
6,0.0,1.0,2,3,1,0.625,1
6,0.75,0.875,0,2,1,0.625,1
6,1.0,1.0,1,3,1,0.625,1
6,1.0,1.0,0,0,1,0.625,1
6,1.0,1.0,1,8,1,0.625,1
6,1.0,0.75,2,9,1,0.8076923076923077,2
6,0.5,0.0,4,0,4,0.75,2
6,1.0,1.0,5,11,1,0.625,1
6,1.0,0.75,1,6,1,0.8076923076923077,2
6,1.0,0.625,6,4,8,0.75,2
6,1.0,0.75,1,4,1,0.8076923076923077,2
6,1.0,0.5,2,7,3,0.75,2
6,1.0,1.0,1,3,1,0.625,1
6,1.0,0.75,4,7,1,0.8076923076923077,2
6,1.0,0.5,4,10,3,0.75,2
6,0.75,0.5,0,8,3,0.75,2
6,1.0,0.75,5,9,1,0.8076923076923077,2
6,0.0,0.875,4,7,1,0.625,1
6,0.0,1.0,4,1,1,0.625,1
6,0.0,1.0,2,0,1,0.625,1
6,1.0,0.875,0,2,1,0.625,1
6,1.0,0.25,2,8,5,1.0,2
6,0.0,1.0,0,4,1,0.625,1
6,1.0,1.0,2,3,1,0.625,1
6,1.0,0.875,0,10,1,0.625,1
6,1.0,0.875,6,1,1,0.625,1
6,1.0,0.625,1,9,8,0.75,2
6,0.0,1.0,1,5,1,0.625,1
6,1.0,0.875,0,6,1,0.625,1
6,1.0,1.0,1,4,1,0.625,1
6,0.0,0.625,4,10,8,0.75,2
6,1.0,0.75,4,6,1,0.8076923076923077,2
6,0.0,0.875,5,7,1,0.625,1
6,1.0,1.0,3,0,1,0.625,1
6,1.0,0.875,0,2,1,0.625,1
6,0.5,1.0,6,7,1,0.625,1
6,0.5,1.0,1,6,1,0.625,1
6,1.0,0.875,4,11,1,0.625,1
6,1.0,0.25,4,0,5,1.0,2
6,0.0,0.375,1,2,1,0.5833333333333334,1
6,1.0,1.0,2,6,1,0.625,1
6,1.0,0.875,2,3,1,0.625,1
6,1.0,0.75,6,11,1,0.8076923076923077,2
6,0.0,0.5,4,5,3,0.75,2
6,1.0,0.875,3,3,1,0.625,1
6,0.0,0.875,0,9,1,0.625,1
6,0.75,0.625,4,8,8,0.75,2
6,1.0,0.5,2,9,3,0.75,2
6,1.0,0.25,0,7,5,1.0,2
6,0.5,0.875,0,9,1,0.625,1
6,1.0,0.625,5,6,8,0.75,2
6,1.0,0.625,4,7,8,0.75,2
6,0.0,0.625,6,6,8,0.75,2
6,1.0,0.0,3,10,4,0.75,2
6,1.0,0.875,0,9,1,0.625,1
6,0.0,0.875,6,11,1,0.625,1
6,1.0,0.625,4,6,8,0.75,2
6,1.0,0.25,1,2,5,1.0,2
6,0.5,0.75,2,3,1,0.8076923076923077,2
6,0.0,1.0,4,4,1,0.625,1
6,0.0,1.0,5,3,1,0.625,1
6,0.0,0.625,5,0,8,0.75,2
6,1.0,0.75,0,1,1,0.8076923076923077,2
6,0.75,0.5,3,0,3,0.75,2
6,1.0,1.0,1,4,1,0.625,1
6,1.0,0.625,4,10,8,0.75,2
6,1.0,0.375,6,5,1,0.5833333333333334,1
6,1.0,0.75,1,11,1,0.8076923076923077,2
6,1.0,0.25,2,0,5,1.0,2
6,0.0,0.75,3,0,1,0.8076923076923077,2
6,1.0,1.0,1,1,1,0.625,1
6,1.0,0.375,0,1,1,0.5833333333333334,1
6,0.0,0.875,3,7,1,0.625,1
6,0.5,0.375,4,8,1,0.5833333333333334,1
6,1.0,0.75,3,0,1,0.8076923076923077,2
6,1.0,0.625,4,6,8,0.75,2
6,0.0,0.75,3,5,1,0.8076923076923077,2
6,0.75,0.625,6,10,8,0.75,2
6,1.0,0.875,3,10,1,0.625,1
6,1.0,0.375,5,11,1,0.5833333333333334,1
6,1.0,1.0,5,11,1,0.625,1
6,1.0,0.625,1,7,8,0.75,2
6,1.0,1.0,2,4,1,0.625,1
4,0.0,1.0,6,11,1,0.5217391304347826,0
4,0.75,1.0,3,8,1,0.5217391304347826,0
4,0.75,1.0,5,11,1,0.5217391304347826,0
4,0.0,1.0,2,6,1,0.5217391304347826,0
4,0.0,1.0,1,11,1,0.5217391304347826,0
4,1.0,0.75,5,6,1,0.375,0
4,0.75,0.875,6,9,1,0.6333333333333333,2
4,0.0,0.875,4,0,1,0.6333333333333333,2
4,0.0,1.0,4,5,1,0.5217391304347826,0
4,1.0,0.875,3,5,1,0.6333333333333333,2
4,0.75,1.0,6,1,1,0.5217391304347826,0
4,0.0,1.0,4,11,1,0.5217391304347826,0
4,0.5,1.0,0,7,1,0.5217391304347826,0
4,0.0,1.0,1,5,1,0.5217391304347826,0
4,1.0,1.0,0,11,1,0.5217391304347826,0
4,0.5,1.0,6,1,1,0.5217391304347826,0
4,1.0,1.0,2,11,1,0.5217391304347826,0
4,0.0,1.0,0,1,1,0.5217391304347826,0
4,0.0,0.75,1,9,1,0.375,0
4,0.0,1.0,3,1,1,0.5217391304347826,0
4,0.75,0.875,4,3,1,0.6333333333333333,2
4,1.0,0.875,3,11,1,0.6333333333333333,2
4,0.0,1.0,3,11,1,0.5217391304347826,0
4,0.0,0.875,3,7,1,0.6333333333333333,2
4,0.5,1.0,6,6,1,0.5217391304347826,0
4,0.75,1.0,2,11,1,0.5217391304347826,0
4,1.0,0.625,4,10,7,0.625,1
4,1.0,1.0,5,8,1,0.5217391304347826,0
4,1.0,1.0,2,0,1,0.5217391304347826,0
4,1.0,1.0,1,7,1,0.5217391304347826,0
4,1.0,0.875,3,9,1,0.6333333333333333,2
4,0.0,1.0,2,11,1,0.5217391304347826,0
4,0.0,1.0,2,11,1,0.5217391304347826,0
4,1.0,1.0,6,7,1,0.5217391304347826,0
4,0.0,1.0,3,7,1,0.5217391304347826,0
4,1.0,0.875,2,2,1,0.6333333333333333,2
4,1.0,0.875,5,2,1,0.6333333333333333,2
4,1.0,1.0,0,0,1,0.5217391304347826,0
4,1.0,1.0,0,11,1,0.5217391304347826,0
4,0.0,1.0,3,6,1,0.5217391304347826,0
4,0.0,1.0,5,4,1,0.5217391304347826,0
4,0.0,0.875,2,2,1,0.6333333333333333,2
4,1.0,1.0,2,7,1,0.5217391304347826,0
4,0.5,1.0,5,11,1,0.5217391304347826,0
4,1.0,0.875,3,1,1,0.6333333333333333,2
4,1.0,1.0,6,4,1,0.5217391304347826,0
4,0.0,1.0,1,4,1,0.5217391304347826,0
4,0.0,1.0,5,6,1,0.5217391304347826,0
4,0.75,0.875,4,9,1,0.6333333333333333,2
4,0.5,0.875,0,4,1,0.6333333333333333,2
4,1.0,0.875,0,2,1,0.6333333333333333,2
4,0.0,0.5,3,11,1,0.5,0
4,1.0,0.875,2,2,1,0.6333333333333333,2
4,0.0,0.625,4,6,7,0.625,1
4,0.0,1.0,6,7,1,0.5217391304347826,0
4,1.0,0.875,1,6,1,0.6333333333333333,2
4,1.0,0.875,6,10,1,0.6333333333333333,2
4,1.0,1.0,1,3,1,0.5217391304347826,0
4,1.0,0.875,2,2,1,0.6333333333333333,2
4,0.75,0.5,6,5,1,0.5,0
4,0.0,0.75,0,10,1,0.375,0
4,1.0,1.0,1,3,1,0.5217391304347826,0
4,0.75,0.875,4,7,1,0.6333333333333333,2
4,0.0,0.75,1,5,1,0.375,0
4,1.0,1.0,1,11,1,0.5217391304347826,0
4,0.0,0.875,0,5,1,0.6333333333333333,2
4,0.5,0.875,5,10,1,0.6333333333333333,2
4,1.0,1.0,4,1,1,0.5217391304347826,0
4,0.0,0.875,3,7,1,0.6333333333333333,2
4,1.0,0.875,0,10,1,0.6333333333333333,2
4,1.0,1.0,2,7,1,0.5217391304347826,0
4,1.0,1.0,6,8,1,0.5217391304347826,0
4,1.0,0.125,2,11,3,1.0,2
4,0.0,0.875,0,2,1,0.6333333333333333,2
4,1.0,0.625,2,8,7,0.625,1
4,0.75,0.5,3,9,1,0.5,0
4,1.0,1.0,3,11,1,0.5217391304347826,0
4,0.0,1.0,2,6,1,0.5217391304347826,0
4,1.0,0.75,4,6,1,0.375,0
4,0.0,0.875,0,2,1,0.6333333333333333,2
4,0.0,0.875,3,8,1,0.6333333333333333,2
4,1.0,1.0,0,11,1,0.5217391304347826,0
4,1.0,0.625,2,2,7,0.625,1
4,1.0,0.625,3,3,7,0.625,1
4,1.0,0.875,3,3,1,0.6333333333333333,2
4,1.0,0.625,4,10,7,0.625,1
4,0.0,0.625,0,7,7,0.625,1
4,1.0,0.875,0,11,1,0.6333333333333333,2
4,0.0,0.75,0,2,1,0.375,0
4,1.0,0.75,6,10,1,0.375,0
4,1.0,1.0,3,1,1,0.5217391304347826,0
4,0.0,0.75,4,7,1,0.375,0
4,0.0,0.875,2,4,1,0.6333333333333333,2
4,0.0,1.0,3,0,1,0.5217391304347826,0
4,1.0,0.875,6,7,1,0.6333333333333333,2
4,0.0,0.625,0,6,7,0.625,1
0,0.0,0.875,1,2,1,0.7763157894736842,2
0,1.0,1.0,3,8,1,0.66875,2
0,0.75,0.5,2,1,0,0.9166666666666666,2
0,1.0,1.0,0,0,1,0.66875,2
0,1.0,1.0,1,5,1,0.66875,2
0,1.0,1.0,1,1,1,0.66875,2
0,1.0,1.0,5,0,1,0.66875,2
0,0.0,1.0,5,11,1,0.66875,2
0,0.0,1.0,6,1,1,0.66875,2
0,1.0,1.0,1,8,1,0.66875,2
0,1.0,0.875,3,4,1,0.7763157894736842,2
0,1.0,1.0,5,5,1,0.66875,2
0,0.75,0.5,1,1,0,0.9166666666666666,2
0,0.75,0.875,5,0,1,0.7763157894736842,2
0,0.0,1.0,2,3,1,0.66875,2
0,0.0,1.0,5,1,1,0.66875,2
0,0.0,1.0,6,11,1,0.66875,2
0,1.0,1.0,5,8,1,0.66875,2
0,1.0,0.875,6,7,1,0.7763157894736842,2
0,1.0,0.75,1,8,1,0.59375,1
0,0.0,0.625,0,1,0,0.7083333333333334,2
0,1.0,0.75,2,1,1,0.59375,1
0,0.0,0.875,1,4,1,0.7763157894736842,2
0,0.0,1.0,2,8,1,0.66875,2
0,0.0,0.75,3,9,1,0.59375,1
0,0.75,0.625,5,10,0,0.7083333333333334,2
0,1.0,0.875,1,5,1,0.7763157894736842,2
0,1.0,1.0,5,11,1,0.66875,2
0,0.0,1.0,2,5,1,0.66875,2
0,1.0,1.0,4,0,1,0.66875,2
0,1.0,1.0,0,8,1,0.66875,2
0,1.0,0.625,4,2,0,0.7083333333333334,2
0,1.0,1.0,2,7,1,0.66875,2
0,0.0,1.0,4,11,1,0.66875,2
0,0.75,1.0,4,6,1,0.66875,2
0,1.0,0.5,6,6,0,0.9166666666666666,2
0,1.0,1.0,2,0,1,0.66875,2
0,1.0,0.625,0,5,0,0.7083333333333334,2
0,1.0,0.875,5,9,1,0.7763157894736842,2
0,1.0,1.0,1,0,1,0.66875,2
0,0.0,1.0,1,11,1,0.66875,2
0,1.0,0.875,6,6,1,0.7763157894736842,2
0,1.0,1.0,6,11,1,0.66875,2
0,1.0,0.75,2,11,1,0.59375,1
0,1.0,0.875,1,2,1,0.7763157894736842,2
0,1.0,0.625,2,9,0,0.7083333333333334,2
0,0.5,0.75,3,3,1,0.59375,1
0,1.0,0.75,4,3,1,0.59375,1
0,1.0,0.875,6,11,1,0.7763157894736842,2
0,1.0,1.0,5,1,1,0.66875,2
0,0.75,1.0,1,0,1,0.66875,2
0,1.0,1.0,2,11,1,0.66875,2
0,1.0,1.0,5,8,1,0.66875,2
0,1.0,0.875,3,11,1,0.7763157894736842,2
0,1.0,1.0,6,1,1,0.66875,2
0,1.0,0.875,0,2,1,0.7763157894736842,2
0,0.0,0.375,1,1,1,0.5,0
0,0.0,0.75,5,6,1,0.59375,1
0,1.0,1.0,3,5,1,0.66875,2
0,1.0,0.375,3,10,1,0.5,0
0,1.0,0.75,2,1,1,0.59375,1
0,1.0,0.75,5,7,1,0.59375,1
0,1.0,0.625,0,2,0,0.7083333333333334,2
0,0.25,0.625,4,2,0,0.7083333333333334,2
0,1.0,0.625,1,4,0,0.7083333333333334,2
0,1.0,0.875,6,6,1,0.7763157894736842,2
0,1.0,0.875,3,7,1,0.7763157894736842,2
0,0.75,1.0,5,0,1,0.66875,2
0,0.75,0.25,3,5,4,0.75,2
0,1.0,0.5,5,11,0,0.9166666666666666,2
0,1.0,0.5,6,1,0,0.9166666666666666,2
0,0.5,0.625,5,2,0,0.7083333333333334,2
0,0.0,0.75,4,10,1,0.59375,1
0,1.0,1.0,4,5,1,0.66875,2
0,0.5,1.0,5,1,1,0.66875,2
0,1.0,0.75,2,5,1,0.59375,1
0,0.0,0.625,2,9,0,0.7083333333333334,2
0,0.0,0.75,1,7,1,0.59375,1
0,0.0,0.75,3,0,1,0.59375,1
0,1.0,0.875,3,5,1,0.7763157894736842,2
0,1.0,0.625,4,2,0,0.7083333333333334,2
0,0.0,1.0,0,3,1,0.66875,2
0,1.0,0.75,4,8,1,0.59375,1
0,0.0,1.0,4,3,1,0.66875,2
0,1.0,1.0,0,0,1,0.66875,2
0,1.0,0.875,2,9,1,0.7763157894736842,2
0,1.0,0.5,0,3,0,0.9166666666666666,2
0,0.0,0.875,5,11,1,0.7763157894736842,2
0,0.0,1.0,6,6,1,0.66875,2
0,1.0,1.0,3,6,1,0.66875,2
0,1.0,0.875,6,11,1,0.7763157894736842,2
0,0.5,0.375,3,1,1,0.5,0
0,1.0,0.75,5,8,1,0.59375,1
0,0.0,0.75,0,6,1,0.59375,1
0,1.0,1.0,2,5,1,0.66875,2
0,0.0,0.875,3,1,1,0.7763157894736842,2
0,1.0,0.625,2,5,0,0.7083333333333334,2
0,1.0,0.0,6,6,1,1.0,2
3,1.0,1.0,3,1,1,0.6666666666666666,2
3,0.0,1.0,6,8,1,0.6666666666666666,2
3,1.0,0.875,6,6,1,0.8571428571428571,2
3,0.0,0.75,0,10,0,0.6875,2
3,0.75,1.0,2,1,1,0.6666666666666666,2
3,1.0,0.875,4,8,1,0.8571428571428571,2
3,1.0,1.0,2,1,1,0.6666666666666666,2
3,0.5,1.0,3,5,1,0.6666666666666666,2
3,0.0,1.0,1,1,1,0.6666666666666666,2
3,1.0,0.875,1,11,1,0.8571428571428571,2
3,1.0,1.0,5,1,1,0.6666666666666666,2
3,1.0,0.875,0,11,1,0.8571428571428571,2
3,1.0,0.75,5,7,0,0.6875,2
3,0.0,1.0,6,5,1,0.6666666666666666,2
3,1.0,0.75,6,3,0,0.6875,2
3,0.75,0.875,1,9,1,0.8571428571428571,2
3,1.0,1.0,3,1,1,0.6666666666666666,2
3,1.0,0.75,6,8,0,0.6875,2
3,0.75,0.625,3,6,5,0.8125,2
3,0.5,1.0,1,4,1,0.6666666666666666,2
3,1.0,0.75,0,8,0,0.6875,2
3,1.0,1.0,5,6,1,0.6666666666666666,2
3,0.0,0.75,5,2,0,0.6875,2
3,0.0,1.0,1,1,1,0.6666666666666666,2
3,1.0,0.75,4,0,0,0.6875,2
3,1.0,0.875,1,3,1,0.8571428571428571,2
3,0.0,0.25,5,9,0,0.375,0
3,1.0,0.75,3,10,0,0.6875,2
3,0.0,0.75,1,3,0,0.6875,2
3,0.75,1.0,6,6,1,0.6666666666666666,2
3,0.0,0.875,1,2,1,0.8571428571428571,2
3,0.0,0.75,4,9,0,0.6875,2
3,1.0,0.75,0,9,0,0.6875,2
3,1.0,0.625,6,11,5,0.8125,2
3,0.5,1.0,6,0,1,0.6666666666666666,2
3,0.75,1.0,0,11,1,0.6666666666666666,2
3,0.75,0.875,1,11,1,0.8571428571428571,2
3,1.0,0.625,0,10,5,0.8125,2
3,1.0,0.875,6,2,1,0.8571428571428571,2
3,0.75,0.625,3,8,5,0.8125,2
3,1.0,0.875,0,2,1,0.8571428571428571,2
3,1.0,0.75,5,6,0,0.6875,2
3,1.0,1.0,2,8,1,0.6666666666666666,2
3,1.0,0.375,0,6,1,1.0,2
3,1.0,0.625,1,0,5,0.8125,2
3,1.0,1.0,3,1,1,0.6666666666666666,2
3,0.5,0.75,2,6,0,0.6875,2
3,1.0,1.0,0,1,1,0.6666666666666666,2
3,1.0,0.5,2,6,1,0.9,2
3,1.0,0.875,4,3,1,0.8571428571428571,2
3,0.75,1.0,6,11,1,0.6666666666666666,2
3,0.25,1.0,3,11,1,0.6666666666666666,2
3,1.0,1.0,0,1,1,0.6666666666666666,2
3,0.5,1.0,4,11,1,0.6666666666666666,2
3,1.0,0.75,1,2,0,0.6875,2
3,1.0,0.875,1,2,1,0.8571428571428571,2
3,0.0,1.0,0,8,1,0.6666666666666666,2
3,0.75,0.625,5,8,5,0.8125,2
3,1.0,1.0,3,0,1,0.6666666666666666,2
3,1.0,0.875,4,4,1,0.8571428571428571,2
3,1.0,1.0,1,3,1,0.6666666666666666,2
3,1.0,0.375,0,9,1,1.0,2
3,1.0,0.75,1,6,0,0.6875,2
3,0.0,0.75,3,8,0,0.6875,2
3,0.5,1.0,1,8,1,0.6666666666666666,2
3,1.0,0.75,1,0,0,0.6875,2
3,1.0,0.0,5,8,5,1.0,2
3,1.0,0.75,3,9,0,0.6875,2
3,0.5,1.0,4,8,1,0.6666666666666666,2
3,1.0,0.875,5,0,1,0.8571428571428571,2
3,1.0,0.875,2,3,1,0.8571428571428571,2
3,1.0,0.875,4,1,1,0.8571428571428571,2
3,1.0,0.75,4,6,0,0.6875,2
3,1.0,0.75,1,2,0,0.6875,2
3,1.0,1.0,5,8,1,0.6666666666666666,2
3,1.0,0.875,6,6,1,0.8571428571428571,2
3,0.75,0.875,2,2,1,0.8571428571428571,2
3,1.0,0.5,0,9,1,0.9,2
3,1.0,1.0,6,8,1,0.6666666666666666,2
3,1.0,0.75,6,11,0,0.6875,2
3,0.75,0.625,0,5,5,0.8125,2
3,0.0,1.0,4,11,1,0.6666666666666666,2
3,0.5,0.5,0,9,1,0.9,2
3,0.5,0.625,0,1,5,0.8125,2
3,0.0,0.75,5,1,0,0.6875,2
3,1.0,0.5,0,7,1,0.9,2
3,1.0,0.375,6,5,1,1.0,2
3,0.0,0.75,1,9,0,0.6875,2
3,0.0,0.875,3,0,1,0.8571428571428571,2
3,1.0,0.875,5,4,1,0.8571428571428571,2
3,0.75,0.25,3,2,0,0.375,0
3,1.0,0.5,0,8,1,0.9,2
3,0.75,0.875,5,4,1,0.8571428571428571,2
3,1.0,0.75,2,7,0,0.6875,2
3,1.0,1.0,0,0,1,0.6666666666666666,2
3,1.0,1.0,0,7,1,0.6666666666666666,2
3,0.75,1.0,4,7,1,0.6666666666666666,2
7,0.0,0.625,1,7,0,0.71875,2
7,1.0,1.0,5,0,1,0.7685185185185185,2
7,1.0,0.75,4,10,1,0.7272727272727273,2
7,1.0,1.0,6,7,1,0.7685185185185185,2
7,1.0,1.0,1,3,1,0.7685185185185185,2
7,1.0,0.875,5,4,1,0.6203703703703703,1
7,0.0,0.875,4,6,1,0.6203703703703703,1
7,0.5,1.0,6,3,1,0.7685185185185185,2
7,1.0,0.875,1,9,1,0.6203703703703703,1
7,0.75,1.0,1,6,1,0.7685185185185185,2
7,1.0,0.875,4,5,1,0.6203703703703703,1
7,0.0,1.0,2,0,1,0.7685185185185185,2
7,1.0,1.0,6,0,1,0.7685185185185185,2
7,0.0,0.625,4,10,0,0.71875,2
7,1.0,0.625,2,3,0,0.71875,2
7,1.0,0.875,6,1,1,0.6203703703703703,1
7,1.0,1.0,5,4,1,0.7685185185185185,2
7,1.0,0.875,2,6,1,0.6203703703703703,1
7,0.75,1.0,4,7,1,0.7685185185185185,2
7,1.0,0.75,3,10,1,0.7272727272727273,2
7,0.25,1.0,3,11,1,0.7685185185185185,2
7,1.0,1.0,5,11,1,0.7685185185185185,2
7,1.0,0.375,6,3,5,0.6666666666666666,2
7,0.0,0.875,3,6,1,0.6203703703703703,1
7,1.0,1.0,0,7,1,0.7685185185185185,2
7,1.0,0.875,1,6,1,0.6203703703703703,1
7,1.0,0.75,6,3,1,0.7272727272727273,2
7,0.0,0.0,3,4,4,0.25,0
7,1.0,1.0,6,1,1,0.7685185185185185,2
7,0.0,0.75,1,7,1,0.7272727272727273,2
7,1.0,0.875,4,8,1,0.6203703703703703,1
7,0.0,0.875,0,3,1,0.6203703703703703,1
7,1.0,0.875,4,10,1,0.6203703703703703,1
7,1.0,1.0,1,3,1,0.7685185185185185,2
7,0.0,0.125,4,11,6,0.0,0
7,1.0,1.0,0,11,1,0.7685185185185185,2
7,1.0,0.875,1,1,1,0.6203703703703703,1
7,1.0,0.875,3,6,1,0.6203703703703703,1
7,0.0,0.875,1,11,1,0.6203703703703703,1
7,0.0,0.125,3,3,6,0.0,0
7,1.0,0.75,2,10,1,0.7272727272727273,2
7,0.0,1.0,0,0,1,0.7685185185185185,2
7,1.0,1.0,3,3,1,0.7685185185185185,2
7,0.75,0.875,5,5,1,0.6203703703703703,1
7,1.0,0.875,0,4,1,0.6203703703703703,1
7,0.5,0.625,6,4,0,0.71875,2
7,1.0,1.0,6,4,1,0.7685185185185185,2
7,0.75,0.875,0,1,1,0.6203703703703703,1
7,1.0,0.875,2,5,1,0.6203703703703703,1
7,1.0,0.75,0,0,1,0.7272727272727273,2
7,1.0,0.375,6,1,5,0.6666666666666666,2
7,1.0,0.625,4,3,0,0.71875,2
7,1.0,1.0,4,8,1,0.7685185185185185,2
7,0.5,1.0,0,6,1,0.7685185185185185,2
7,0.0,0.75,1,7,1,0.7272727272727273,2
7,1.0,0.625,2,9,0,0.71875,2
7,0.25,0.875,1,10,1,0.6203703703703703,1
7,0.0,0.875,0,3,1,0.6203703703703703,1
7,0.0,0.625,1,4,0,0.71875,2
7,1.0,0.625,1,4,0,0.71875,2
7,0.75,0.875,4,1,1,0.6203703703703703,1
7,1.0,1.0,4,4,1,0.7685185185185185,2
7,1.0,0.25,6,3,1,0.5,0
7,0.75,0.875,0,0,1,0.6203703703703703,1
7,0.0,0.0,3,8,4,0.25,0
7,1.0,0.625,4,3,0,0.71875,2
7,0.5,0.875,5,3,1,0.6203703703703703,1
7,1.0,0.625,5,2,0,0.71875,2
7,1.0,0.625,5,2,0,0.71875,2
7,0.75,0.0,4,3,4,0.25,0
7,0.0,0.875,3,9,1,0.6203703703703703,1
7,0.0,0.875,6,11,1,0.6203703703703703,1
7,1.0,0.75,6,8,1,0.7272727272727273,2
7,1.0,1.0,1,11,1,0.7685185185185185,2
7,1.0,1.0,0,8,1,0.7685185185185185,2
7,1.0,0.625,0,3,0,0.71875,2
7,0.0,0.25,1,11,1,0.5,0
7,1.0,0.25,5,8,1,0.5,0
7,1.0,0.875,6,10,1,0.6203703703703703,1
7,0.0,0.375,0,4,5,0.6666666666666666,2
7,0.0,0.25,6,0,1,0.5,0
7,1.0,0.625,1,3,0,0.71875,2
7,1.0,0.75,3,5,1,0.7272727272727273,2
7,1.0,1.0,1,5,1,0.7685185185185185,2
7,0.0,1.0,0,7,1,0.7685185185185185,2
7,0.0,1.0,0,1,1,0.7685185185185185,2
7,0.0,0.875,2,8,1,0.6203703703703703,1
7,0.0,0.75,5,9,1,0.7272727272727273,2
7,1.0,0.75,0,6,1,0.7272727272727273,2
7,1.0,0.625,6,2,0,0.71875,2
7,0.0,0.625,6,5,0,0.71875,2
7,1.0,0.5,2,2,1,1.0,2
7,1.0,0.625,3,9,0,0.71875,2
7,1.0,1.0,6,11,1,0.7685185185185185,2
7,1.0,0.5,0,9,1,1.0,2
9,0.5,0.75,1,7,0,0.625,1
9,0.5,1.0,2,11,1,0.5815217391304348,1
9,1.0,1.0,3,0,1,0.5815217391304348,1
9,0.75,0.75,6,0,0,0.625,1
9,1.0,1.0,0,6,1,0.5815217391304348,1
9,1.0,1.0,3,4,1,0.5815217391304348,1
9,1.0,1.0,6,0,1,0.5815217391304348,1
9,1.0,1.0,1,6,1,0.5815217391304348,1
9,1.0,1.0,5,6,1,0.5815217391304348,1
9,1.0,1.0,1,3,1,0.5815217391304348,1
9,0.0,1.0,3,5,1,0.5815217391304348,1
9,0.75,0.875,5,7,1,0.7946428571428571,2
9,0.0,1.0,2,11,1,0.5815217391304348,1
9,1.0,0.875,2,7,1,0.7946428571428571,2
9,1.0,1.0,5,8,1,0.5815217391304348,1
9,0.0,1.0,1,11,1,0.5815217391304348,1
9,0.0,1.0,2,11,1,0.5815217391304348,1
9,1.0,1.0,6,8,1,0.5815217391304348,1
9,0.75,1.0,4,6,1,0.5815217391304348,1
9,0.0,1.0,3,7,1,0.5815217391304348,1
9,0.75,0.875,5,0,1,0.7946428571428571,2
9,0.0,1.0,1,5,1,0.5815217391304348,1
9,1.0,0.875,6,5,1,0.7946428571428571,2
9,0.0,1.0,0,11,1,0.5815217391304348,1
9,1.0,1.0,2,11,1,0.5815217391304348,1
9,1.0,0.875,6,11,1,0.7946428571428571,2
9,1.0,0.875,3,10,1,0.7946428571428571,2
9,1.0,1.0,1,7,1,0.5815217391304348,1
9,0.0,1.0,5,6,1,0.5815217391304348,1
9,0.0,1.0,4,5,1,0.5815217391304348,1
9,0.75,1.0,2,4,1,0.5815217391304348,1
9,0.0,1.0,3,4,1,0.5815217391304348,1
9,0.75,0.875,2,9,1,0.7946428571428571,2
9,1.0,1.0,3,6,1,0.5815217391304348,1
9,1.0,0.75,2,7,0,0.625,1
9,1.0,0.875,6,10,1,0.7946428571428571,2
9,0.0,0.125,5,6,6,0.0,0
9,1.0,0.875,2,2,1,0.7946428571428571,2
9,1.0,1.0,0,11,1,0.5815217391304348,1
9,0.0,1.0,5,3,1,0.5815217391304348,1
9,1.0,0.875,3,6,1,0.7946428571428571,2
9,1.0,0.375,6,11,1,0.5833333333333334,1
9,0.0,1.0,5,4,1,0.5815217391304348,1
9,0.5,1.0,5,1,1,0.5815217391304348,1
9,1.0,0.625,5,10,0,0.625,1
9,1.0,1.0,3,4,1,0.5815217391304348,1
9,1.0,0.0,1,1,6,1.0,2
9,1.0,1.0,3,5,1,0.5815217391304348,1
9,0.0,0.875,6,9,1,0.7946428571428571,2
9,1.0,0.875,1,6,1,0.7946428571428571,2
9,1.0,1.0,6,11,1,0.5815217391304348,1
9,1.0,0.875,6,6,1,0.7946428571428571,2
9,0.0,0.625,2,2,0,0.625,1
9,1.0,0.875,0,9,1,0.7946428571428571,2
9,1.0,0.875,3,10,1,0.7946428571428571,2
9,1.0,0.75,2,7,0,0.625,1
9,1.0,0.875,3,6,1,0.7946428571428571,2
9,0.0,1.0,4,11,1,0.5815217391304348,1
9,0.0,0.875,3,4,1,0.7946428571428571,2
9,0.0,0.875,0,2,1,0.7946428571428571,2
9,1.0,1.0,0,11,1,0.5815217391304348,1
9,0.0,0.75,2,11,0,0.625,1
9,1.0,0.875,2,7,1,0.7946428571428571,2
9,0.75,1.0,6,8,1,0.5815217391304348,1
9,1.0,0.75,5,11,0,0.625,1
9,0.75,0.375,1,5,1,0.5833333333333334,1
9,1.0,1.0,2,7,1,0.5815217391304348,1
9,0.0,0.875,3,4,1,0.7946428571428571,2
9,0.5,0.875,0,6,1,0.7946428571428571,2
9,1.0,0.5,4,10,0,1.0,2
9,0.0,1.0,4,11,1,0.5815217391304348,1
9,0.0,1.0,1,5,1,0.5815217391304348,1
9,1.0,1.0,1,3,1,0.5815217391304348,1
9,0.0,0.375,3,4,1,0.5833333333333334,1
9,0.0,0.75,4,5,0,0.625,1
9,0.5,0.875,0,2,1,0.7946428571428571,2
9,1.0,0.875,0,6,1,0.7946428571428571,2
9,1.0,1.0,0,3,1,0.5815217391304348,1
9,1.0,0.875,1,8,1,0.7946428571428571,2
9,0.0,0.75,0,5,0,0.625,1
9,0.0,1.0,4,0,1,0.5815217391304348,1
9,1.0,1.0,0,3,1,0.5815217391304348,1
9,0.5,0.625,0,5,0,0.625,1
9,1.0,0.875,4,7,1,0.7946428571428571,2
9,1.0,0.75,6,5,0,0.625,1
9,0.5,1.0,6,11,1,0.5815217391304348,1
9,1.0,0.75,4,2,0,0.625,1
9,0.0,1.0,1,8,1,0.5815217391304348,1
9,1.0,1.0,2,11,1,0.5815217391304348,1
9,1.0,1.0,4,3,1,0.5815217391304348,1
9,1.0,0.875,3,6,1,0.7946428571428571,2
9,1.0,0.875,3,10,1,0.7946428571428571,2
9,1.0,0.875,2,2,1,0.7946428571428571,2
9,1.0,0.5,6,9,0,1.0,2
9,1.0,0.625,1,2,0,0.625,1
8,1.0,1.0,2,11,1,0.4,0
8,1.0,0.875,1,11,1,0.5555555555555556,1
8,0.0,1.0,3,8,1,0.4,0
8,0.0,1.0,5,11,1,0.4,0
8,0.75,1.0,5,7,1,0.4,0
8,0.0,1.0,3,5,1,0.4,0
8,0.0,0.875,5,9,1,0.5555555555555556,1
8,1.0,1.0,3,7,1,0.4,0
8,1.0,1.0,1,0,1,0.4,0
8,0.0,0.875,1,0,1,0.5555555555555556,1
8,1.0,0.875,5,1,1,0.5555555555555556,1
8,1.0,0.875,4,2,1,0.5555555555555556,1
8,1.0,1.0,6,8,1,0.4,0
8,0.0,0.875,3,10,1,0.5555555555555556,1
8,0.0,1.0,2,8,1,0.4,0
8,0.0,1.0,1,7,1,0.4,0
8,0.0,1.0,0,11,1,0.4,0
8,1.0,0.875,6,0,1,0.5555555555555556,1
8,1.0,1.0,6,7,1,0.4,0
8,0.75,1.0,3,6,1,0.4,0
8,0.0,1.0,3,4,1,0.4,0
8,0.0,0.875,6,1,1,0.5555555555555556,1
8,1.0,0.875,6,9,1,0.5555555555555556,1
8,1.0,0.875,2,0,1,0.5555555555555556,1
8,1.0,0.875,5,10,1,0.5555555555555556,1
8,1.0,1.0,4,8,1,0.4,0
8,1.0,0.875,5,1,1,0.5555555555555556,1
8,1.0,1.0,5,7,1,0.4,0
8,0.75,1.0,1,3,1,0.4,0
8,1.0,0.75,2,11,1,0.75,2
8,1.0,0.875,0,3,1,0.5555555555555556,1
8,0.0,1.0,0,3,1,0.4,0
8,0.0,1.0,6,7,1,0.4,0
8,0.0,0.5,0,10,9,0.375,0
8,1.0,0.875,1,7,1,0.5555555555555556,1
8,0.0,1.0,5,5,1,0.4,0
8,0.5,0.875,4,2,1,0.5555555555555556,1
8,0.0,1.0,1,6,1,0.4,0
8,1.0,0.875,6,8,1,0.5555555555555556,1
8,0.0,0.875,5,8,1,0.5555555555555556,1
8,1.0,1.0,4,7,1,0.4,0
8,1.0,0.875,5,1,1,0.5555555555555556,1
8,1.0,0.875,0,6,1,0.5555555555555556,1
8,0.5,0.875,0,2,1,0.5555555555555556,1
8,1.0,0.875,4,6,1,0.5555555555555556,1
8,0.0,0.75,4,2,1,0.75,2
8,1.0,0.875,6,2,1,0.5555555555555556,1
8,1.0,0.875,1,4,1,0.5555555555555556,1
8,1.0,0.75,5,5,1,0.75,2
8,0.0,0.125,6,4,1,0.0,0
8,1.0,0.625,6,5,0,0.5,0
8,1.0,0.875,5,10,1,0.5555555555555556,1
8,0.0,0.875,6,1,1,0.5555555555555556,1
8,0.0,0.875,1,4,1,0.5555555555555556,1
8,0.0,0.875,6,9,1,0.5555555555555556,1
8,0.0,0.875,4,9,1,0.5555555555555556,1
8,0.0,1.0,2,5,1,0.4,0
8,0.0,0.875,6,0,1,0.5555555555555556,1
8,1.0,0.875,1,4,1,0.5555555555555556,1
8,1.0,0.875,0,1,1,0.5555555555555556,1
8,1.0,1.0,4,5,1,0.4,0
8,1.0,0.875,3,4,1,0.5555555555555556,1
8,0.0,0.875,4,9,1,0.5555555555555556,1
8,1.0,1.0,6,4,1,0.4,0
8,1.0,1.0,4,3,1,0.4,0
8,0.0,1.0,1,8,1,0.4,0
8,1.0,0.875,3,9,1,0.5555555555555556,1
8,0.0,0.875,3,1,1,0.5555555555555556,1
8,0.0,1.0,6,7,1,0.4,0
8,1.0,0.875,1,10,1,0.5555555555555556,1
8,0.0,0.875,5,10,1,0.5555555555555556,1
8,0.5,1.0,5,8,1,0.4,0
8,0.5,1.0,5,5,1,0.4,0
8,0.0,0.875,6,9,1,0.5555555555555556,1
8,0.0,1.0,0,5,1,0.4,0
8,0.75,1.0,2,6,1,0.4,0
8,0.0,1.0,3,0,1,0.4,0
8,1.0,0.875,5,1,1,0.5555555555555556,1
8,0.0,1.0,2,6,1,0.4,0
8,0.0,0.875,6,1,1,0.5555555555555556,1
8,0.0,1.0,3,0,1,0.4,0
8,0.0,1.0,3,0,1,0.4,0
8,1.0,0.875,4,11,1,0.5555555555555556,1
8,0.0,1.0,6,11,1,0.4,0
8,1.0,1.0,4,11,1,0.4,0
8,0.75,0.375,2,9,1,0.75,2
8,1.0,0.75,5,2,1,0.75,2
8,0.0,0.875,2,11,1,0.5555555555555556,1
8,0.0,0.625,3,3,0,0.5,0
8,0.75,0.5,3,1,9,0.375,0
8,0.0,0.625,6,9,0,0.5,0
8,0.0,1.0,5,8,1,0.4,0
8,0.0,0.875,6,1,1,0.5555555555555556,1
8,0.0,1.0,6,7,1,0.4,0
8,1.0,0.625,2,9,0,0.5,0
8,0.0,0.875,6,10,1,0.5555555555555556,1
8,0.0,0.875,4,8,1,0.5555555555555556,1
5,0.0,0.75,3,8,1,0.3939393939393939,0
5,0.0,0.75,6,0,1,0.3939393939393939,0
5,0.75,1.0,6,1,1,0.6911764705882353,2
5,1.0,1.0,3,1,1,0.6911764705882353,2
5,0.0,0.75,2,8,1,0.3939393939393939,0
5,0.0,0.625,1,6,2,0.35714285714285715,0
5,1.0,1.0,6,8,1,0.6911764705882353,2
5,1.0,1.0,0,7,1,0.6911764705882353,2
5,1.0,0.875,2,11,1,0.5238095238095238,0
5,0.0,0.625,6,10,2,0.35714285714285715,0
5,1.0,0.75,5,9,1,0.3939393939393939,0
5,1.0,0.75,1,2,1,0.3939393939393939,0
5,0.0,1.0,3,7,1,0.6911764705882353,2
5,0.0,0.875,4,7,1,0.5238095238095238,0
5,0.0,1.0,4,11,1,0.6911764705882353,2
5,0.0,0.75,5,11,1,0.3939393939393939,0
5,0.0,0.75,5,4,1,0.3939393939393939,0
5,0.0,1.0,6,7,1,0.6911764705882353,2
5,0.0,0.875,4,7,1,0.5238095238095238,0
5,1.0,0.75,4,11,1,0.3939393939393939,0
5,1.0,0.5,1,5,9,0.775,2
5,1.0,0.625,6,2,2,0.35714285714285715,0
5,0.0,0.625,0,5,2,0.35714285714285715,0
5,0.0,0.75,4,5,1,0.3939393939393939,0
5,1.0,1.0,1,4,1,0.6911764705882353,2
5,1.0,0.875,2,10,1,0.5238095238095238,0
5,1.0,0.75,4,8,1,0.3939393939393939,0
5,1.0,0.875,1,2,1,0.5238095238095238,0
5,1.0,0.75,3,8,1,0.3939393939393939,0
5,0.0,0.75,6,9,1,0.3939393939393939,0
5,0.0,0.75,4,6,1,0.3939393939393939,0
5,0.0,0.75,5,9,1,0.3939393939393939,0
5,0.0,0.75,0,1,1,0.3939393939393939,0
5,0.0,0.875,0,9,1,0.5238095238095238,0
5,0.0,0.625,0,5,2,0.35714285714285715,0
5,1.0,0.625,0,2,2,0.35714285714285715,0
5,1.0,1.0,3,4,1,0.6911764705882353,2
5,1.0,0.625,5,9,2,0.35714285714285715,0
5,1.0,0.875,2,6,1,0.5238095238095238,0
5,1.0,0.875,2,4,1,0.5238095238095238,0
5,0.0,0.75,2,10,1,0.3939393939393939,0
5,0.0,0.75,0,3,1,0.3939393939393939,0
5,1.0,1.0,2,6,1,0.6911764705882353,2
5,0.5,0.5,3,5,9,0.775,2
5,1.0,0.625,1,7,2,0.35714285714285715,0
5,1.0,0.75,3,10,1,0.3939393939393939,0
5,1.0,0.875,6,9,1,0.5238095238095238,0
5,1.0,1.0,5,7,1,0.6911764705882353,2
5,0.0,0.75,3,1,1,0.3939393939393939,0
5,0.75,0.5,5,5,9,0.775,2
5,0.5,0.5,1,5,9,0.775,2
5,1.0,0.5,5,5,9,0.775,2
5,0.0,0.875,4,2,1,0.5238095238095238,0
5,0.0,0.75,2,8,1,0.3939393939393939,0
5,1.0,0.875,6,5,1,0.5238095238095238,0
5,0.0,1.0,0,11,1,0.6911764705882353,2
5,0.0,0.75,5,10,1,0.3939393939393939,0
5,1.0,0.625,4,1,2,0.35714285714285715,0
5,1.0,0.5,5,2,9,0.775,2
5,1.0,0.875,1,2,1,0.5238095238095238,0
5,1.0,0.875,5,1,1,0.5238095238095238,0
5,1.0,0.75,3,1,1,0.3939393939393939,0
5,0.0,0.625,5,1,2,0.35714285714285715,0
5,0.0,0.625,4,1,2,0.35714285714285715,0
5,0.0,0.875,4,1,1,0.5238095238095238,0
5,0.0,0.875,3,7,1,0.5238095238095238,0
5,1.0,0.5,1,5,9,0.775,2
5,1.0,0.75,0,4,1,0.3939393939393939,0
5,1.0,1.0,0,7,1,0.6911764705882353,2
5,0.0,0.75,2,7,1,0.3939393939393939,0
5,0.0,1.0,1,7,1,0.6911764705882353,2
5,0.0,0.75,6,2,1,0.3939393939393939,0
5,1.0,0.75,6,1,1,0.3939393939393939,0
5,0.0,0.625,5,5,2,0.35714285714285715,0
5,0.0,0.375,5,11,2,0.3333333333333333,0
5,1.0,0.75,6,3,1,0.3939393939393939,0
5,1.0,0.5,6,5,9,0.775,2
5,0.0,0.875,1,6,1,0.5238095238095238,0
5,1.0,0.375,0,8,2,0.3333333333333333,0
5,0.0,0.625,5,6,2,0.35714285714285715,0
5,1.0,0.75,0,8,1,0.3939393939393939,0
5,1.0,0.875,0,4,1,0.5238095238095238,0
5,0.0,0.875,4,0,1,0.5238095238095238,0
5,1.0,1.0,2,0,1,0.6911764705882353,2
5,0.0,0.375,2,11,2,0.3333333333333333,0
5,0.0,0.75,0,1,1,0.3939393939393939,0
5,1.0,0.75,1,9,1,0.3939393939393939,0
5,0.0,0.625,2,2,2,0.35714285714285715,0
5,0.0,0.5,5,2,9,0.775,2
5,1.0,0.875,4,3,1,0.5238095238095238,0
5,0.0,0.875,1,7,1,0.5238095238095238,0
5,0.0,0.75,5,0,1,0.3939393939393939,0
5,1.0,0.5,5,5,9,0.775,2
5,1.0,1.0,0,6,1,0.6911764705882353,2
5,0.0,0.75,0,8,1,0.3939393939393939,0
5,0.0,0.875,5,7,1,0.5238095238095238,0
5,1.0,1.0,1,4,1,0.6911764705882353,2
5,1.0,0.75,2,6,1,0.3939393939393939,0
2,0.75,1.0,1,8,1,0.6714285714285714,2
2,0.0,1.0,3,7,1,0.6714285714285714,2
2,0.75,0.875,0,7,1,0.6923076923076923,2
2,0.0,0.875,5,2,1,0.6923076923076923,2
2,0.0,1.0,1,1,1,0.6714285714285714,2
2,1.0,1.0,3,0,1,0.6714285714285714,2
2,1.0,1.0,2,6,1,0.6714285714285714,2
2,1.0,0.875,2,2,1,0.6923076923076923,2
2,1.0,1.0,5,8,1,0.6714285714285714,2
2,1.0,0.875,0,1,1,0.6923076923076923,2
2,1.0,0.875,5,10,1,0.6923076923076923,2
2,1.0,1.0,4,4,1,0.6714285714285714,2
2,1.0,0.75,2,1,1,0.7678571428571429,2
2,1.0,0.75,2,9,1,0.7678571428571429,2
2,1.0,1.0,3,7,1,0.6714285714285714,2
2,0.0,0.875,3,10,1,0.6923076923076923,2
2,1.0,0.875,0,3,1,0.6923076923076923,2
2,1.0,1.0,0,11,1,0.6714285714285714,2
2,1.0,1.0,0,7,1,0.6714285714285714,2
2,1.0,1.0,5,11,1,0.6714285714285714,2
2,1.0,0.625,4,7,5,0.9722222222222222,2
2,0.75,1.0,2,7,1,0.6714285714285714,2
2,1.0,0.75,2,11,1,0.7678571428571429,2
2,1.0,0.875,4,2,1,0.6923076923076923,2
2,0.25,1.0,5,5,1,0.6714285714285714,2
2,1.0,1.0,0,3,1,0.6714285714285714,2
2,1.0,0.625,0,1,5,0.9722222222222222,2
2,1.0,1.0,4,8,1,0.6714285714285714,2
2,0.75,0.5,1,1,1,0.7083333333333334,2
2,1.0,0.75,0,9,1,0.7678571428571429,2
2,0.0,0.75,2,11,1,0.7678571428571429,2
2,0.0,1.0,4,8,1,0.6714285714285714,2
2,0.0,1.0,3,1,1,0.6714285714285714,2
2,0.0,1.0,2,8,1,0.6714285714285714,2
2,0.25,0.875,2,2,1,0.6923076923076923,2
2,1.0,0.5,2,11,1,0.7083333333333334,2
2,1.0,0.875,1,1,1,0.6923076923076923,2
2,0.0,1.0,1,8,1,0.6714285714285714,2
2,0.75,0.75,3,11,1,0.7678571428571429,2
2,1.0,1.0,3,5,1,0.6714285714285714,2
2,1.0,0.875,2,8,1,0.6923076923076923,2
2,0.75,1.0,1,6,1,0.6714285714285714,2
2,0.0,0.375,2,10,5,0.0,0
2,1.0,0.625,3,10,5,0.9722222222222222,2
2,0.0,0.875,1,3,1,0.6923076923076923,2
2,1.0,1.0,3,4,1,0.6714285714285714,2
2,1.0,0.75,1,1,1,0.7678571428571429,2
2,0.75,0.625,0,8,5,0.9722222222222222,2
2,0.0,0.875,5,9,1,0.6923076923076923,2
2,0.0,0.875,3,0,1,0.6923076923076923,2
2,1.0,0.5,1,4,1,0.7083333333333334,2
2,1.0,1.0,2,4,1,0.6714285714285714,2
2,0.25,1.0,0,8,1,0.6714285714285714,2
2,1.0,1.0,1,5,1,0.6714285714285714,2
2,1.0,0.875,3,1,1,0.6923076923076923,2
2,1.0,1.0,3,4,1,0.6714285714285714,2
2,1.0,0.25,6,5,1,0.75,2
2,1.0,0.625,6,3,5,0.9722222222222222,2
2,0.0,0.75,5,3,1,0.7678571428571429,2
2,0.0,1.0,6,4,1,0.6714285714285714,2
2,1.0,0.875,4,9,1,0.6923076923076923,2
2,1.0,0.875,2,4,1,0.6923076923076923,2
2,1.0,0.875,0,11,1,0.6923076923076923,2
2,1.0,0.875,6,4,1,0.6923076923076923,2
2,1.0,0.625,3,4,5,0.9722222222222222,2
2,0.0,1.0,6,11,1,0.6714285714285714,2
2,1.0,0.75,1,0,1,0.7678571428571429,2
2,1.0,0.625,6,4,5,0.9722222222222222,2
2,0.0,0.5,3,4,1,0.7083333333333334,2
2,1.0,0.75,3,8,1,0.7678571428571429,2
2,1.0,0.75,0,9,1,0.7678571428571429,2
2,1.0,0.75,3,5,1,0.7678571428571429,2
2,1.0,1.0,1,5,1,0.6714285714285714,2
2,0.5,0.5,1,4,1,0.7083333333333334,2
2,1.0,0.875,5,0,1,0.6923076923076923,2
2,0.75,1.0,6,7,1,0.6714285714285714,2
2,1.0,0.5,1,6,1,0.7083333333333334,2
2,0.75,0.875,1,9,1,0.6923076923076923,2
2,1.0,1.0,0,11,1,0.6714285714285714,2
2,1.0,0.625,2,4,5,0.9722222222222222,2
2,1.0,1.0,2,11,1,0.6714285714285714,2
2,1.0,0.875,6,5,1,0.6923076923076923,2
2,0.25,0.25,5,5,1,0.75,2
2,1.0,1.0,5,1,1,0.6714285714285714,2
2,1.0,0.875,1,10,1,0.6923076923076923,2
2,0.25,0.875,5,8,1,0.6923076923076923,2
2,0.0,1.0,4,7,1,0.6714285714285714,2
2,0.0,0.875,0,3,1,0.6923076923076923,2
2,1.0,0.75,0,3,1,0.7678571428571429,2
2,1.0,0.625,6,0,5,0.9722222222222222,2
2,1.0,1.0,1,0,1,0.6714285714285714,2
2,0.0,0.75,5,10,1,0.7678571428571429,2
2,1.0,0.25,3,1,1,0.75,2
2,1.0,0.875,4,1,1,0.6923076923076923,2
